parche 0 - SY.jpg,0
parche 1 - SY.jpg,0
parche 2 – CY.jpg,1
parche 3 – CY.jpg,1
parche 4 - SY.jpg,0
parche 5 - SY.jpg,0
parche 6 - SY.jpg,0
parche 7 - SY.jpg,0
parche 8 - SY.jpg,0
parche 9 - SY.jpg,0
parche 10 - SY.jpg,0
parche 11 - SY.jpg,0
parche 12 - SY.jpg,0
parche 13 - SY.jpg,0
parche 14 - SY.jpg,0
parche 15 - SY.jpg,0
parche 16 - SY.jpg,0
parche 17 - SY.jpg,0
parche 18 - SY.jpg,0
parche 19 - SY.jpg,0
parche 20 - SY.jpg,0
parche 21 - SY.jpg,0
parche 22 - SY.jpg,0
parche 23 - SY.jpg,0
parche 24 - SY.jpg,0
parche 25 - SY.jpg,0
parche 26 - SY.jpg,0
parche 27 - SY.jpg,0
parche 28 - SY.jpg,0
parche 29 - SY.jpg,0
parche 30 - SY.jpg,0
parche 31 - SY.jpg,0
parche 32 - SY.jpg,0
parche 33 - SY.jpg,0
parche 34 - SY.jpg,0
parche 35 - SY.jpg,0
parche 36 - SY.jpg,0
parche 37 - SY.jpg,0
parche 38 - SY.jpg,0
parche 39 - SY.jpg,0
parche 40 - SY.jpg,0
parche 41 - SY.jpg,0
parche 42 - SY.jpg,0
parche 43 - SY.jpg,0
parche 44 - SY.jpg,0
parche 45 - SY.jpg,0
parche 46 - SY.jpg,0
parche 47 - SY.jpg,0
parche 48 - SY.jpg,0
parche 49 - SY.jpg,0
parche 50 - SY.jpg,0
parche 51 - SY.jpg,0
parche 52 - SY.jpg,0
parche 53 - SY.jpg,0
parche 54 - SY.jpg,0
parche 55 - SY.jpg,0
parche 56 - SY.jpg,0
parche 57 - SY.jpg,0
parche 58 - SY.jpg,0
parche 59 - SY.jpg,0
parche 60 - SY.jpg,0
parche 61 - SY.jpg,0
parche 62 - SY.jpg,0
parche 63 - SY.jpg,0
parche 64 - SY.jpg,0
parche 65 - SY.jpg,0
parche 66 - SY.jpg,0
parche 67 - SY.jpg,0
parche 68 - SY.jpg,0
parche 69 - SY.jpg,0
parche 70 - SY.jpg,0
parche 71 - SY.jpg,0
parche 72 - SY.jpg,0
parche 73 - SY.jpg,0
parche 74 - SY.jpg,0
parche 75 - SY.jpg,0
parche 76 - SY.jpg,0
parche 77 - SY.jpg,0
parche 78 - SY.jpg,0
parche 79 - SY.jpg,0
parche 80 - SY.jpg,0
parche 81 - SY.jpg,0
parche 82 - SY.jpg,0
parche 83 - SY.jpg,0
parche 84 - SY.jpg,0
parche 85 - SY.jpg,0
parche 86 - SY.jpg,0
parche 87 - SY.jpg,0
parche 88 - SY.jpg,0
parche 89 - SY.jpg,0
parche 90 - SY.jpg,0
parche 91 - SY.jpg,0
parche 92 - SY.jpg,0
parche 93 - SY.jpg,0
parche 94 - SY.jpg,0
parche 95 - SY.jpg,0
parche 96 - SY.jpg,0
parche 97 - SY.jpg,0
parche 98 - SY.jpg,0
parche 99 - SY.jpg,0
parche 100 - SY.jpg,0
parche 101 - SY.jpg,0
parche 102 - SY.jpg,0
parche 103 - SY.jpg,0
parche 104 – CY.jpg,1
parche 105 - SY.jpg,0
parche 106 – CY.jpg,1
parche 107 - SY.jpg,0
parche 108 - SY.jpg,0
parche 109 - SY.jpg,0
parche 110 - SY.jpg,0
parche 111 - SY.jpg,0
parche 112 - SY.jpg,0
parche 113 – CY.jpg,1
parche 114 - SY.jpg,0
parche 115 - SY.jpg,0
parche 116 – CY.jpg,1
parche 117 - SY.jpg,0
parche 118 - SY.jpg,0
parche 119 - SY.jpg,0
parche 120 - SY.jpg,0
parche 121 - SY.jpg,0
parche 122 - SY.jpg,0
parche 123 - SY.jpg,0
parche 124 - SY.jpg,0
parche 125 - SY.jpg,0
parche 126 - SY.jpg,0
parche 127 - SY.jpg,0
parche 128 - SY.jpg,0
parche 129 - SY.jpg,0
parche 130 - SY.jpg,0
parche 131 - SY.jpg,0
parche 132 - SY.jpg,0
parche 133 - SY.jpg,0
parche 134 - SY.jpg,0
parche 135 - SY.jpg,0
parche 136 - SY.jpg,0
parche 137 - SY.jpg,0
parche 138 - SY.jpg,0
parche 139 - SY.jpg,0
parche 140 - SY.jpg,0
parche 141 - SY.jpg,0
parche 142 – CY.jpg,1
parche 143 - SY.jpg,0
parche 144 - SY.jpg,0
parche 145 - SY.jpg,0
parche 146 - SY.jpg,0
parche 147 - SY.jpg,0
parche 148 - SY.jpg,0
parche 149 - SY.jpg,0
parche 150 - SY.jpg,0
parche 151 - SY.jpg,0
parche 152 – CY.jpg,1
parche 153 - SY.jpg,0
parche 154 - SY.jpg,0
parche 155 - SY.jpg,0
parche 156 - SY.jpg,0
parche 157 - SY.jpg,0
parche 158 - SY.jpg,0
parche 159 - SY.jpg,0
parche 160 - SY.jpg,0
parche 161 - SY.jpg,0
parche 162 - SY.jpg,0
parche 163 - SY.jpg,0
parche 164 - SY.jpg,0
parche 165 – CY.jpg,1
parche 166 - SY.jpg,0
parche 167 - SY.jpg,0
parche 168 - SY.jpg,0
parche 169 - SY.jpg,0
parche 170 - SY.jpg,0
parche 171 - SY.jpg,0
parche 172 - SY.jpg,0
parche 173 - SY.jpg,0
parche 174 - SY.jpg,0
parche 175 - SY.jpg,0
parche 176 - SY.jpg,0
parche 177 - SY.jpg,0
parche 178 - SY.jpg,0
parche 179 - SY.jpg,0
parche 180 - SY.jpg,0
parche 181 - SY.jpg,0
parche 182 - SY.jpg,0
parche 183 - SY.jpg,0
parche 184 - SY.jpg,0
parche 185 - SY.jpg,0
parche 186 - SY.jpg,0
parche 187 – CY.jpg,1
parche 188 - SY.jpg,0
parche 189 - SY.jpg,0
parche 190 - SY.jpg,0
parche 191 - SY.jpg,0
parche 192 - SY.jpg,0
parche 193 - SY.jpg,0
parche 194 – CY.jpg,1
parche 195 – CY.jpg,1
parche 196 – CY.jpg,1
parche 197 - SY.jpg,0
parche 198 - SY.jpg,0
parche 199 - SY.jpg,0
parche 200 - SY.jpg,0
parche 201 - SY.jpg,0
parche 202 - SY.jpg,0
parche 203 - SY.jpg,0
parche 204 - SY.jpg,0
parche 205 - SY.jpg,0
parche 206 - SY.jpg,0
parche 207 - SY.jpg,0
parche 208 - SY.jpg,0
parche 209 – CY.jpg,1
parche 210 - SY.jpg,0
parche 211 - SY.jpg,0
parche 212 - SY.jpg,0
parche 213 - SY.jpg,0
parche 214 - SY.jpg,0
parche 215 - SY.jpg,0
parche 216 - SY.jpg,0
parche 217 - SY.jpg,0
parche 218 - SY.jpg,0
parche 219 - SY.jpg,0
parche 220 - SY.jpg,0
parche 221 - SY.jpg,0
parche 222 - SY.jpg,0
parche 223 - SY.jpg,0
parche 224 - SY.jpg,0
parche 225 - SY.jpg,0
parche 226 - SY.jpg,0
parche 227 - SY.jpg,0
parche 228 - SY.jpg,0
parche 229 - SY.jpg,0
parche 230 - SY.jpg,0
parche 231 - SY.jpg,0
parche 232 - SY.jpg,0
parche 233 - SY.jpg,0
parche 234 - SY.jpg,0
parche 235 - SY.jpg,0
parche 236 - SY.jpg,0
parche 237 - SY.jpg,0
parche 238 - SY.jpg,0
parche 239 - SY.jpg,0
parche 240 - SY.jpg,0
parche 241 – CY.jpg,1
parche 242 - SY.jpg,0
parche 243 - SY.jpg,0
parche 244 - SY.jpg,0
parche 245 - SY.jpg,0
parche 246 - SY.jpg,0
parche 247 - SY.jpg,0
parche 248 - SY.jpg,0
parche 249 - SY.jpg,0
parche 250 - SY.jpg,0
parche 251 - SY.jpg,0
parche 252 – CY.jpg,1
parche 253 – CY.jpg,1
parche 254 - SY.jpg,0
parche 255 - SY.jpg,0
parche 256 - SY.jpg,0
parche 257 - SY.jpg,0
parche 258 - SY.jpg,0
parche 259 - SY.jpg,0
parche 260 - SY.jpg,0
parche 261 - SY.jpg,0
parche 262 – CY.jpg,1
parche 263 – CY.jpg,1
parche 264 – CY.jpg,1
parche 265 – CY.jpg,1
parche 266 - SY.jpg,0
parche 267 - SY.jpg,0
parche 268 - SY.jpg,0
parche 269 - SY.jpg,0
parche 270 - SY.jpg,0
parche 271 – CY.jpg,1
parche 272 – CY.jpg,1
parche 273 - SY.jpg,0
parche 274 – CY.jpg,1
parche 275 - SY.jpg,0
parche 276 - SY.jpg,0
parche 277 - SY.jpg,0
parche 278 - SY.jpg,0
parche 279 - SY.jpg,0
parche 280 - SY.jpg,0
parche 281 – CY.jpg,1
parche 282 - SY.jpg,0
parche 283 – CY.jpg,1
parche 284 – CY.jpg,1
parche 285 - SY.jpg,0
parche 286 - SY.jpg,0
parche 287 - SY.jpg,0
parche 288 - SY.jpg,0
parche 289 - SY.jpg,0
parche 290 - SY.jpg,0
parche 291 - SY.jpg,0
parche 292 - SY.jpg,0
parche 293 - SY.jpg,0
parche 294 - SY.jpg,0
parche 295 - SY.jpg,0
parche 296 - SY.jpg,0
parche 297 - SY.jpg,0
parche 298 - SY.jpg,0
parche 299 - SY.jpg,0
parche 300 - SY.jpg,0
parche 301 - SY.jpg,0
parche 302 - SY.jpg,0
parche 303 - SY.jpg,0
parche 304 - SY.jpg,0
parche 305 - SY.jpg,0
parche 306 - SY.jpg,0
parche 307 - SY.jpg,0
parche 308 - SY.jpg,0
parche 309 - SY.jpg,0
parche 310 - SY.jpg,0
parche 311 - SY.jpg,0
parche 312 - SY.jpg,0
parche 313 - SY.jpg,0
parche 314 - SY.jpg,0
parche 315 - SY.jpg,0
parche 316 - SY.jpg,0
parche 317 - SY.jpg,0
parche 318 - SY.jpg,0
parche 319 - SY.jpg,0
parche 320 - SY.jpg,0
parche 321 - SY.jpg,0
parche 322 - SY.jpg,0
parche 323 - SY.jpg,0
parche 324 - SY.jpg,0
parche 325 - SY.jpg,0
parche 326 - SY.jpg,0
parche 327 - SY.jpg,0
parche 328 - SY.jpg,0
parche 329 - SY.jpg,0
parche 330 - SY.jpg,0
parche 331 - SY.jpg,0
parche 332 - SY.jpg,0
parche 333 - SY.jpg,0
parche 334 - SY.jpg,0
parche 335 - SY.jpg,0
parche 336 - SY.jpg,0
parche 337 - SY.jpg,0
parche 338 - SY.jpg,0
parche 339 - SY.jpg,0
parche 340 - SY.jpg,0
parche 341 - SY.jpg,0
parche 342 - SY.jpg,0
parche 343 - SY.jpg,0
parche 344 – CY.jpg,1
parche 345 - SY.jpg,0
parche 346 – CY.jpg,1
parche 347 - SY.jpg,0
parche 348 - SY.jpg,0
parche 349 - SY.jpg,0
parche 350 - SY.jpg,0
parche 351 - SY.jpg,0
parche 352 - SY.jpg,0
parche 353 – CY.jpg,1
parche 354 - SY.jpg,0
parche 355 - SY.jpg,0
parche 356 - SY.jpg,0
parche 357 - SY.jpg,0
parche 358 - SY.jpg,0
parche 359 - SY.jpg,0
parche 360 - SY.jpg,0
parche 361 - SY.jpg,0
parche 362 - SY.jpg,0
parche 363 - SY.jpg,0
parche 364 - SY.jpg,0
parche 365 - SY.jpg,0
parche 366 - SY.jpg,0
parche 367 - SY.jpg,0
parche 368 - SY.jpg,0
parche 369 - SY.jpg,0
parche 370 - SY.jpg,0
parche 371 - SY.jpg,0
parche 372 - SY.jpg,0
parche 373 - SY.jpg,0
parche 374 - SY.jpg,0
parche 375 - SY.jpg,0
parche 376 - SY.jpg,0
parche 377 - SY.jpg,0
parche 378 - SY.jpg,0
parche 379 - SY.jpg,0
parche 380 - SY.jpg,0
parche 381 - SY.jpg,0
parche 382 – CY.jpg,1
parche 383 - SY.jpg,0
parche 384 - SY.jpg,0
parche 385 - SY.jpg,0
parche 386 - SY.jpg,0
parche 387 - SY.jpg,0
parche 388 - SY.jpg,0
parche 389 - SY.jpg,0
parche 390 - SY.jpg,0
parche 391 - SY.jpg,0
parche 392 – CY.jpg,1
parche 393 - SY.jpg,0
parche 394 - SY.jpg,0
parche 395 - SY.jpg,0
parche 396 - SY.jpg,0
parche 397 - SY.jpg,0
parche 398 - SY.jpg,0
parche 399 - SY.jpg,0
parche 400 – CY.jpg,1
parche 401 – CY.jpg,1
parche 402 - SY.jpg,0
parche 403 - SY.jpg,0
parche 404 - SY.jpg,0
parche 405 - SY.jpg,0
parche 406 - SY.jpg,0
parche 407 - SY.jpg,0
parche 408 - SY.jpg,0
parche 409 - SY.jpg,0
parche 410 - SY.jpg,0
parche 411 - SY.jpg,0
parche 412 – CY.jpg,1
parche 413 – CY.jpg,1
parche 414 - SY.jpg,0
parche 415 - SY.jpg,0
parche 416 - SY.jpg,0
parche 417 - SY.jpg,0
parche 418 - SY.jpg,0
parche 419 - SY.jpg,0
parche 420 – CY.jpg,1
parche 421 - SY.jpg,0
parche 422 – CY.jpg,1
parche 423 – CY.jpg,1
parche 424 – CY.jpg,1
parche 425 - SY.jpg,0
parche 426 - SY.jpg,0
parche 427 - SY.jpg,0
parche 428 - SY.jpg,0
parche 429 - SY.jpg,0
parche 430 - SY.jpg,0
parche 431 – CY.jpg,1
parche 432 – CY.jpg,1
parche 433 - SY.jpg,0
parche 434 – CY.jpg,1
parche 435 - SY.jpg,0
parche 436 - SY.jpg,0
parche 437 - SY.jpg,0
parche 438 - SY.jpg,0
parche 439 - SY.jpg,0
parche 440 - SY.jpg,0
parche 441 - SY.jpg,0
parche 442 - SY.jpg,0
parche 443 – CY.jpg,1
parche 444 – CY.jpg,1
parche 445 - SY.jpg,0
parche 446 - SY.jpg,0
parche 447 - SY.jpg,0
parche 448 - SY.jpg,0
parche 449 - SY.jpg,0
parche 450 – CY.jpg,1
parche 451 - SY.jpg,0
parche 452 - SY.jpg,0
parche 453 - SY.jpg,0
parche 454 - SY.jpg,0
parche 455 - SY.jpg,0
parche 456 - SY.jpg,0
parche 457 - SY.jpg,0
parche 458 - SY.jpg,0
parche 459 - SY.jpg,0
parche 460 - SY.jpg,0
parche 461 - SY.jpg,0
parche 462 - SY.jpg,0
parche 463 - SY.jpg,0
parche 464 - SY.jpg,0
parche 465 - SY.jpg,0
parche 466 - SY.jpg,0
parche 467 - SY.jpg,0
parche 468 - SY.jpg,0
parche 469 - SY.jpg,0
parche 470 - SY.jpg,0
parche 471 - SY.jpg,0
parche 472 - SY.jpg,0
parche 473 - SY.jpg,0
parche 474 - SY.jpg,0
parche 475 - SY.jpg,0
parche 476 - SY.jpg,0
parche 477 - SY.jpg,0
parche 478 - SY.jpg,0
parche 479 - SY.jpg,0
parche 480 - SY.jpg,0
parche 481 - SY.jpg,0
parche 482 - SY.jpg,0
parche 483 - SY.jpg,0
parche 484 - SY.jpg,0
parche 485 - SY.jpg,0
parche 486 - SY.jpg,0
parche 487 - SY.jpg,0
parche 488 - SY.jpg,0
parche 489 - SY.jpg,0
parche 490 - SY.jpg,0
parche 491 – CY.jpg,1
parche 492 - SY.jpg,0
parche 493 - SY.jpg,0
parche 494 - SY.jpg,0
parche 495 - SY.jpg,0
parche 496 - SY.jpg,0
parche 497 - SY.jpg,0
parche 498 - SY.jpg,0
parche 499 - SY.jpg,0
parche 500 - SY.jpg,0
parche 501 - SY.jpg,0
parche 502 - SY.jpg,0
parche 503 – CY.jpg,1
parche 504 - SY.jpg,0
parche 505 - SY.jpg,0
parche 506 - SY.jpg,0
parche 507 - SY.jpg,0
parche 508 - SY.jpg,0
parche 509 - SY.jpg,0
parche 510 - SY.jpg,0
parche 511 – CY.jpg,1
parche 512 – CY.jpg,1
parche 513 - SY.jpg,0
parche 514 - SY.jpg,0
parche 515 - SY.jpg,0
parche 516 - SY.jpg,0
parche 517 - SY.jpg,0
parche 518 - SY.jpg,0
parche 519 - SY.jpg,0
parche 520 – CY.jpg,1
parche 521 – CY.jpg,1
parche 522 – CY.jpg,1
parche 523 – CY.jpg,1
parche 524 - SY.jpg,0
parche 525 - SY.jpg,0
parche 526 - SY.jpg,0
parche 527 - SY.jpg,0
parche 528 - SY.jpg,0
parche 529 - SY.jpg,0
parche 530 – CY.jpg,1
parche 531 – CY.jpg,1
parche 532 - SY.jpg,0
parche 533 – CY.jpg,1
parche 534 - SY.jpg,0
parche 535 - SY.jpg,0
parche 536 - SY.jpg,0
parche 537 - SY.jpg,0
parche 538 - SY.jpg,0
parche 539 - SY.jpg,0
parche 540 - SY.jpg,0
parche 541 - SY.jpg,0
parche 542 – CY.jpg,1
parche 543 - SY.jpg,0
parche 544 - SY.jpg,0
parche 545 - SY.jpg,0
parche 546 - SY.jpg,0
parche 547 - SY.jpg,0
parche 548 - SY.jpg,0
parche 549 - SY.jpg,0
parche 550 - SY.jpg,0
parche 551 - SY.jpg,0
parche 552 – CY.jpg,1
parche 553 - SY.jpg,0
parche 554 – CY.jpg,1
parche 555 - SY.jpg,0
parche 556 - SY.jpg,0
parche 557 - SY.jpg,0
parche 558 - SY.jpg,0
parche 559 - SY.jpg,0
